<?xml version="1.0" encoding="UTF-8"?>
<project-private xmlns="http://www.netbeans.org/ns/project-private/1">
    <editor-bookmarks xmlns="http://www.netbeans.org/ns/editor-bookmarks/2" lastBookmarkId="0"/>
    <open-files xmlns="http://www.netbeans.org/ns/projectui-open-files/2">
        <group>
            <file>file:/C:/Users/HP/Documents/NetBeansProjects/PBO_M13_5210411186/src/pbo_m13_5210411186/SimpleSPP.java</file>
            <file>file:/C:/Users/HP/Documents/NetBeansProjects/PBO_M13_5210411186/src/pbo_m13_5210411186/Mahasiswa.java</file>
            <file>file:/C:/Users/HP/Documents/NetBeansProjects/PBO_M13_5210411186/src/pbo_m13_5210411186/KoneksiDB.java</file>
            <file>file:/C:/Users/HP/Documents/NetBeansProjects/PBO_M13_5210411186/src/pbo_m13_5210411186/NimHarus10Digit.java</file>
            <file>file:/C:/Users/HP/Documents/NetBeansProjects/PBO_M13_5210411186/src/pbo_m13_5210411186/NimHarusAngkaException.java</file>
            <file>file:/C:/Users/HP/Documents/NetBeansProjects/PBO_M13_5210411186/src/pbo_m13_5210411186/SemesterHarusValid.java</file>
            <file>file:/C:/Users/HP/Documents/NetBeansProjects/PBO_M13_5210411186/src/pbo_m13_5210411186/Login.java</file>
            <file>file:/C:/Users/HP/Documents/NetBeansProjects/PBO_M13_5210411186/src/pbo_m13_5210411186/NimHarusPositifException.java</file>
        </group>
    </open-files>
</project-private>
